StudentID,Gender,Absences,GPA
1001,Male,7,2.929195592
1002,Female,0,3.042914833
1003,Female,26,0.112602254
1004,Male,14,2.05421814
1005,Male,17,1.288061182
1006,Female,0,3.084183614
1007,Female,10,2.748237415
1008,Male,22,1.360142712
1009,Male,1,2.89681919
1010,Female,0,3.57347421
1011,Female,11,2.147171625
1012,Male,15,1.559594519
1013,Male,21,1.520077815
1014,Female,21,1.751580958
1015,Female,9,2.396788117
1016,Male,17,1.341520717
1017,Male,14,2.232175278
1018,Female,16,1.384404176
1019,Female,29,0.469553323
1020,Male,9,2.395784095
1021,Male,2,2.7784113
1022,Female,25,0.346894037
1023,Female,29,0.312546231
1024,Male,20,1.770131877
1025,Male,15,1.505155622
1026,Female,5,2.977851918
1027,Female,2,2.948717672
1028,Male,8,2.14520472
1029,Male,10,2.854803929
1030,Female,20,1.519441726
1031,Female,12,1.72712031
1032,Male,17,1.847535471
1033,Male,25,0.384616973
1034,Female,21,0.949406098
1035,Female,27,1.140959418
1036,Male,23,0.26147226
1037,Male,26,0.218284857
1038,Female,21,1.067763551
1039,Female,3,3.018905858
1040,Male,21,1.526867832
1041,Male,23,1.0582874
1042,Female,7,2.625128098
1043,Female,12,2.808754822
1044,Male,9,2.888891669
1045,Male,1,4.0
1046,Female,7,2.515300272
1047,Female,5,2.56376543
1048,Male,15,1.703611803
1049,Male,17,2.099885157
1050,Female,16,2.461046963
1051,Female,5,2.935477192
1052,Male,12,1.986378059
1053,Male,22,1.571544191
1054,Female,13,1.66431069
1055,Female,29,0.756259167
1056,Male,25,0.802769539
1057,Male,20,1.342387178
1058,Female,29,0.286571288
1059,Female,9,2.613838694
1060,Male,23,0.929012555
1061,Male,10,1.892758696
1062,Female,12,2.331261549
1063,Female,11,2.234238473
1064,Male,8,2.385828219
1065,Male,3,3.347356744
1066,Female,6,3.261855307
1067,Female,23,1.039623879
1068,Male,28,0.027818625
1069,Male,21,1.329964538
1070,Female,1,3.283916522
1071,Female,6,2.937454182
1072,Male,28,0.738868203
1073,Male,8,2.556801663
1074,Female,4,3.300928569
1075,Female,14,2.200682947
1076,Male,17,1.855865573
1077,Male,3,2.734401494
1078,Female,18,2.131737297
1079,Female,19,0.979769911
1080,Male,25,0.994325024
1081,Male,6,2.074699977
1082,Female,25,0.500508036
1083,Female,7,2.532438418
1084,Male,16,1.463378036
1085,Male,12,2.342836773
1086,Female,23,1.158846334
1087,Female,20,1.523748745
1088,Male,27,0.0
1089,Male,22,1.058622014
1090,Female,10,2.229740184
1091,Female,26,0.194743281
1092,Male,0,3.506920071
1093,Male,1,3.552286943
1094,Female,16,2.238491354
1095,Female,4,2.708472344
1096,Male,29,0.732908234
1097,Male,29,0.965482445
1098,Female,5,2.55523286
1099,Female,25,0.7443223
1100,Male,24,0.722056581
1101,Male,23,1.27122953
1102,Female,6,2.526142141
1103,Female,27,0.942415395
1104,Male,20,1.515639098
1105,Male,29,0.648273927
1106,Female,14,2.048850082
1107,Female,18,0.842295999
1108,Male,15,1.464187924
1109,Male,24,1.487946865
1110,Female,12,2.587565796
1111,Female,4,3.220806978
1112,Male,2,3.545159432
1113,Male,2,3.089598953
1114,Female,18,1.91995644
1115,Female,13,2.198593185
1116,Male,15,0.878212617
1117,Male,21,1.340368648
1118,Female,16,1.819511336
1119,Female,26,0.619350931
1120,Male,3,3.61946087
1121,Male,12,2.174902796
1122,Female,7,2.974406015
1123,Female,18,0.980735844
1124,Male,4,3.101673809
1125,Male,1,3.498257342
1126,Female,14,2.590553445
1127,Female,1,3.535003758
1128,Male,10,2.819921745
1129,Male,12,2.016596775
1130,Female,22,1.371185039
1131,Female,9,2.104795588
1132,Male,2,3.030439089
1133,Male,4,3.582421872
1134,Female,2,2.426546706
1135,Female,5,3.16143627
1136,Male,12,2.12263853
1137,Male,9,2.204860581
1138,Female,18,1.1829875
1139,Female,7,2.738795716
1140,Male,17,2.237901301
1141,Male,2,3.139481546
1142,Female,23,1.046044771
1143,Female,23,0.816458245
1144,Male,16,2.033544621
1145,Male,7,2.432078523
1146,Female,9,2.65977132
1147,Female,1,3.58888794
1148,Male,11,2.314587628
1149,Male,22,1.00722582
1150,Female,5,2.881612321
1151,Female,1,2.804504929
1152,Male,20,1.762921124
1153,Male,22,1.119911263
1154,Female,23,1.030657506
1155,Female,2,3.075619354
1156,Male,16,2.631434065
1157,Male,28,0.503066907
1158,Female,6,2.784237837
1159,Female,28,0.247626765
1160,Male,20,1.18954877
1161,Male,4,3.375994009
1162,Female,22,1.293573556
1163,Female,0,3.718586904
1164,Male,7,2.670559615
1165,Male,11,2.369648013
1166,Female,13,1.62448682
1167,Female,15,2.537476828
1168,Male,9,2.298417929
1169,Male,14,2.25980415
1170,Female,20,1.321343301
1171,Female,23,0.949974228
1172,Male,25,0.818786616
1173,Male,14,2.339224513
1174,Female,9,2.682776288
1175,Female,20,1.543837471
1176,Male,27,0.196901105
1177,Male,6,2.748610257
1178,Female,25,1.104893788
1179,Female,2,2.553439811
1180,Male,1,3.274233459
1181,Male,5,3.186060378
1182,Female,20,1.72211575
1183,Female,8,2.338046358
1184,Male,9,3.273998748
1185,Male,3,2.993502391
1186,Female,26,0.896397899
1187,Female,2,2.961055259
1188,Male,8,2.674351095
1189,Male,23,1.217873151
1190,Female,21,1.36559111
1191,Female,16,1.522274845
1192,Male,13,2.231402397
1193,Male,9,2.135266355
1194,Female,12,2.255698915
1195,Female,11,2.751145788
1196,Male,26,0.897634159
1197,Male,0,3.117354435
1198,Female,27,1.287595131
1199,Female,21,0.571053098
1200,Male,28,0.581355799
1201,Male,18,1.643462404
1202,Female,18,1.234844041
1203,Female,5,2.96809362
1204,Male,12,2.00929848
1205,Male,18,1.146086034
1206,Female,12,2.192363198
1207,Female,26,0.945730873
1208,Male,25,0.567250028
1209,Male,21,0.970764347
1210,Female,20,1.656060126
1211,Female,3,2.839313249
1212,Male,23,0.18981806
1213,Male,1,3.258294685
1214,Female,14,1.920055853
1215,Female,11,2.021771494
1216,Male,29,0.125933075
1217,Male,26,1.287013412
1218,Female,6,2.591426703
1219,Female,19,1.463379649
1220,Male,17,1.465549386
1221,Male,22,1.710466838
1222,Female,12,2.288505685
1223,Female,16,1.960968849
1224,Male,3,2.621623326
1225,Male,24,0.768316386
1226,Female,13,1.806406345
1227,Female,19,0.881866353
1228,Male,27,0.817068221
1229,Male,12,1.446132528
1230,Female,2,3.339094362
1231,Female,25,0.819625478
1232,Male,25,0.676817973
1233,Male,17,1.389544874
1234,Female,13,1.991508414
1235,Female,14,1.63986755
1236,Male,2,2.511743021
1237,Male,0,2.98391995
1238,Female,25,1.258654854
1239,Female,23,1.417929927
1240,Male,16,1.597016572
1241,Male,2,3.088699868
1242,Female,13,1.641341443
1243,Female,2,2.586870656
1244,Male,12,2.389032645
1245,Male,14,1.8981464
1246,Female,17,2.110487975
1247,Female,13,1.700273589
1248,Male,20,1.044499995
1249,Male,25,1.194166134
1250,Female,2,2.649136828
1251,Female,18,1.234141389
1252,Male,7,2.127408866
1253,Male,3,2.913887649
1254,Female,3,3.119393913
1255,Female,18,1.036378738
1256,Male,10,2.403284547
1257,Male,0,3.156508064
1258,Female,7,2.723471859
1259,Female,14,1.530951146
1260,Male,0,3.468581349
1261,Male,6,2.302032044
1262,Female,20,1.265677909
1263,Female,19,1.479602228
1264,Male,19,1.445076719
1265,Male,23,0.80943381
1266,Female,10,2.15023327
1267,Female,26,0.559143716
1268,Male,28,0.580788485
1269,Male,13,1.602089196
1270,Female,21,1.002798364
1271,Female,15,1.663063453
1272,Male,13,1.53154646
1273,Male,11,2.205842147
1274,Female,16,1.155338561
1275,Female,13,2.15375834
1276,Male,9,2.592786686
1277,Male,23,0.912330507
1278,Female,28,0.695630933
1279,Female,13,2.139619891
1280,Male,17,1.550449331
1281,Male,21,1.5475367
1282,Female,8,2.966548034
1283,Female,16,1.633679371
1284,Male,5,2.33254032
1285,Male,7,3.270262309
1286,Female,25,0.346470593
1287,Female,12,1.894904336
1288,Male,17,1.456742601
1289,Male,4,2.553723151
1290,Female,5,2.224197461
1291,Female,20,1.847600418
1292,Male,18,1.849760707
1293,Male,3,3.268794216
1294,Female,6,2.546516637
1295,Female,3,3.101229221
1296,Male,24,0.655954078
1297,Male,10,3.088512306
1298,Female,11,1.992559805
1299,Female,13,2.605247446
1300,Male,12,1.733972454
1301,Male,28,1.113848788
1302,Female,9,1.649250252
1303,Female,17,1.33755498
1304,Male,15,1.984659919
1305,Male,4,3.060881656
1306,Female,7,2.392897358
1307,Female,13,2.08379699
1308,Male,4,3.645738049
1309,Male,25,0.322286082
1310,Female,27,1.129514334
1311,Female,23,0.630756944
1312,Male,7,3.157229639
1313,Male,24,0.680087787
1314,Female,25,0.796359848
1315,Female,5,2.844039215
1316,Male,15,1.253451854
1317,Male,27,0.534508881
1318,Female,3,3.191046118
1319,Female,11,2.815421275
1320,Male,10,2.157122303
1321,Male,2,2.72382806
1322,Female,11,2.627693906
1323,Female,29,0.912415621
1324,Male,4,2.609623082
1325,Male,5,2.981992255
1326,Female,18,1.625082774
1327,Female,17,1.361698418
1328,Male,15,1.916961896
1329,Male,22,1.011253195
1330,Female,10,2.332159041
1331,Female,4,3.387938348
1332,Male,8,2.384690791
1333,Male,2,2.780816996
1334,Female,29,0.534835754
1335,Female,7,2.542214349
1336,Male,5,3.007129067
1337,Male,3,2.985809814
1338,Female,11,1.949306057
1339,Female,11,2.147845196
1340,Male,24,1.175768025
1341,Male,20,1.400363254
1342,Female,15,1.755544023
1343,Female,9,2.900096239
1344,Male,21,1.033459491
1345,Male,13,1.907742363
1346,Female,12,1.88090929
1347,Female,8,2.614950354
1348,Male,6,3.107135594
1349,Male,11,1.386464562
1350,Female,4,2.833760072
1351,Female,17,1.086151397
1352,Male,3,2.87403736
1353,Male,1,2.895671305
1354,Female,2,3.181307602
1355,Female,25,0.471283109
1356,Male,11,2.211379528
1357,Male,2,3.375252255
1358,Female,3,3.203858191
1359,Female,5,3.350179111
1360,Male,11,1.72579153
1361,Male,18,2.216603815
1362,Female,9,2.004627317
1363,Female,29,0.715742046
1364,Male,0,3.880640085
1365,Male,16,1.689528158
1366,Female,15,1.757978804
1367,Female,8,2.136399546
1368,Male,24,0.911568271
1369,Male,20,1.13780111
1370,Female,8,2.349264927
1371,Female,26,0.623747437
1372,Male,22,0.341029446
1373,Male,8,2.223813667
1374,Female,11,2.328240385
1375,Female,22,1.623077822
1376,Male,8,2.200896322
1377,Male,14,2.584110655
1378,Female,1,2.996503304
1379,Female,10,2.373993481
1380,Male,10,2.830404456
1381,Male,7,2.525115534
1382,Female,22,1.042981651
1383,Female,5,2.661096904
1384,Male,20,1.599593888
1385,Male,19,1.799409149
1386,Female,6,2.657638557
1387,Female,2,2.998484062
1388,Male,7,2.977408433
1389,Male,17,1.375164137
1390,Female,16,1.84886644
1391,Female,10,2.4424562
1392,Male,1,2.856038514
1393,Male,24,1.20615023
1394,Female,20,0.89590299
1395,Female,26,0.273190929
1396,Male,23,0.667508961
1397,Male,18,1.089440604
1398,Female,6,2.813211008
1399,Female,17,1.86875859
1400,Male,7,3.035693596
1401,Male,13,2.135356801
1402,Female,6,3.038116129
1403,Female,27,0.99412941
1404,Male,20,1.232557166
1405,Male,27,0.864403743
1406,Female,26,0.115231855
1407,Female,3,2.934586305
1408,Male,16,2.046938817
1409,Male,4,3.065473134
1410,Female,11,2.4370263
1411,Female,8,2.427614636
1412,Male,25,0.777150955
1413,Male,19,1.879575445
1414,Female,12,1.596574874
1415,Female,24,0.704595243
1416,Male,27,0.764186697
1417,Male,17,1.503416679
1418,Female,19,1.525837862
1419,Female,8,2.270841108
1420,Male,3,3.402352539
1421,Male,20,1.438204968
1422,Female,26,0.336571299
1423,Female,7,3.112281137
1424,Male,0,3.770694722
1425,Male,16,1.655613323
1426,Female,24,1.050469692
1427,Female,8,2.535391284
1428,Male,19,1.396090494
1429,Male,12,2.025416982
1430,Female,1,3.268302548
1431,Female,12,2.017218039
1432,Male,8,2.397682579
1433,Male,29,0.287867323
1434,Female,19,1.548710211
1435,Female,5,2.905242112
1436,Male,27,0.248977131
1437,Male,0,3.418409867
1438,Female,27,0.582920886
1439,Female,24,0.930028646
1440,Male,4,2.679085718
1441,Male,2,3.106230425
1442,Female,3,2.781287884
1443,Female,0,4.0
1444,Male,13,2.332783964
1445,Male,8,3.06771837
1446,Female,29,0.869123386
1447,Female,23,1.520503877
1448,Male,3,3.289823142
1449,Male,17,2.175739293
1450,Female,13,1.852428691
1451,Female,24,1.47728877
1452,Male,3,2.878926863
1453,Male,24,1.058050772
1454,Female,9,2.57289042
1455,Female,2,3.587735587
1456,Male,22,1.301418014
1457,Male,6,3.209493136
1458,Female,9,2.537230639
1459,Female,12,1.989395759
1460,Male,3,3.004233303
1461,Male,17,1.513516756
1462,Female,10,2.172740552
1463,Female,24,0.641649169
1464,Male,3,2.753590232
1465,Male,23,1.038488352
1466,Female,13,2.255019103
1467,Female,17,1.666702258
1468,Male,7,2.49945943
1469,Male,26,0.278215459
1470,Female,9,2.637594228
1471,Female,4,3.057121728
1472,Male,22,1.361932827
1473,Male,6,3.238931718
1474,Female,11,2.573034385
1475,Female,24,0.0
1476,Male,2,3.143909878
1477,Male,25,1.0464634
1478,Female,3,2.868574228
1479,Female,9,2.639447292
1480,Male,3,2.669749933
1481,Male,14,2.794885283
1482,Female,28,1.186569729
1483,Female,9,2.520175259
1484,Male,20,1.601078488
1485,Male,29,0.0
1486,Female,21,1.595054759
1487,Female,15,2.222002853
1488,Male,14,1.615093148
1489,Male,18,1.675919431
1490,Female,28,0.214319504
1491,Female,19,1.556765557
1492,Male,18,2.154199353
1493,Male,17,2.070669312
1494,Female,25,0.567237107
1495,Female,11,2.162688108
1496,Male,24,1.291230426
1497,Male,15,2.340156389
1498,Female,0,2.92396974
1499,Female,15,2.190146602
1500,Male,1,3.074214192
1501,Male,23,1.009430322
1502,Female,14,2.118500602
1503,Female,6,2.615347948
1504,Male,27,0.415930507
1505,Male,0,3.947092964
1506,Female,4,3.017353227
1507,Female,9,2.813786291
1508,Male,21,0.769636121
1509,Male,20,0.892266135
1510,Female,3,3.666290827
1511,Female,13,1.401548239
1512,Male,12,1.423338336
1513,Male,0,3.149644744
1514,Female,15,2.353731152
1515,Female,22,1.161354351
1516,Male,8,2.647195986
1517,Male,21,1.298997985
1518,Female,15,2.644197368
1519,Female,18,1.737989619
1520,Male,14,2.018776899
1521,Male,25,0.717780498
1522,Female,13,2.267584401
1523,Female,19,1.271494623
1524,Male,9,2.621666893
1525,Male,20,1.228528505
1526,Female,11,2.495312361
1527,Female,27,0.701761808
1528,Male,0,3.864976861
1529,Male,20,0.684651926
1530,Female,16,1.885850224
1531,Female,8,2.327832763
1532,Male,22,0.880232812
1533,Male,18,1.411981507
1534,Female,24,1.66253183
1535,Female,17,1.341598477
1536,Male,27,0.659202916
1537,Male,6,2.153371206
1538,Female,8,2.44310292
1539,Female,21,0.270088555
1540,Male,25,1.316724623
1541,Male,20,0.817714202
1542,Female,11,2.05694597
1543,Female,6,3.219333348
1544,Male,13,2.24087006
1545,Male,14,1.913799797
1546,Female,14,2.240334376
1547,Female,5,2.254547586
1548,Male,20,1.89130043
1549,Male,13,2.206226341
1550,Female,1,3.335098155
1551,Female,7,2.411986461
1552,Male,12,2.160978519
1553,Male,22,1.165394363
1554,Female,5,2.583500636
1555,Female,4,3.017063256
1556,Male,4,2.576174697
1557,Male,24,0.23334988
1558,Female,0,3.646516389
1559,Female,8,2.605425232
1560,Male,5,3.366929515
1561,Male,19,1.583780258
1562,Female,25,0.776396706
1563,Female,29,0.78348664
1564,Male,6,2.328311711
1565,Male,8,2.718465436
1566,Female,4,3.244882203
1567,Female,13,2.865674749
1568,Male,4,2.326326756
1569,Male,7,3.303066679
1570,Female,6,2.489218238
1571,Female,12,2.600264187
1572,Male,12,2.119171492
1573,Male,7,2.522694548
1574,Female,10,2.47585411
1575,Female,27,0.782809234
1576,Male,25,0.766404869
1577,Male,17,1.283622078
1578,Female,24,0.643145933
1579,Female,18,1.669230217
1580,Male,5,3.282070051
1581,Male,21,0.743714017
1582,Female,1,3.325066843
1583,Female,27,1.184519764
1584,Male,12,1.616536099
1585,Male,22,1.583083971
1586,Female,24,0.184251489
1587,Female,27,0.472181042
1588,Male,25,1.299355518
1589,Male,10,2.379628283
1590,Female,0,3.56628313
1591,Female,23,0.278347571
1592,Male,1,2.421546883
1593,Male,29,0.617680424
1594,Female,16,1.804726658
1595,Female,7,2.63520813
1596,Male,1,3.436025389
1597,Male,5,2.737377926
1598,Female,21,1.14669608
1599,Female,4,2.405267526
1600,Male,15,1.525282049
1601,Male,7,2.446157081
1602,Female,18,1.952953012
1603,Female,15,2.293087191
1604,Male,12,1.471672029
1605,Male,25,1.106713498
1606,Female,19,1.205856976
1607,Female,6,2.559070355
1608,Male,15,2.457651022
1609,Male,22,1.226741286
1610,Female,15,1.590433098
1611,Female,28,0.310669533
1612,Male,11,2.771810659
1613,Male,13,1.582682992
1614,Female,23,1.105587098
1615,Female,17,2.300296135
1616,Male,26,0.991883698
1617,Male,27,0.165110622
1618,Female,17,0.989329921
1619,Female,15,2.230253521
1620,Male,19,1.383528078
1621,Male,15,2.131405263
1622,Female,12,1.868276923
1623,Female,25,1.247481944
1624,Male,28,0.299907548
1625,Male,8,2.705195695
1626,Female,25,0.897938092
1627,Female,27,1.391731791
1628,Male,8,2.150546166
1629,Male,12,1.448741242
1630,Female,28,0.0
1631,Female,3,3.091715028
1632,Male,8,2.576927695
1633,Male,14,1.955872527
1634,Female,13,1.878708344
1635,Female,18,1.630400132
1636,Male,11,2.37274811
1637,Male,20,1.279370611
1638,Female,25,0.155004788
1639,Female,24,1.278347034
1640,Male,5,2.655993566
1641,Male,2,2.682316053
1642,Female,25,1.644819939
1643,Female,24,1.396278438
1644,Male,21,1.609486799
1645,Male,19,1.187367525
1646,Female,15,2.019797023
1647,Female,29,0.241625628
1648,Male,19,1.247725194
1649,Male,23,0.852682363
1650,Female,22,0.965700989
1651,Female,16,2.423800752
1652,Male,15,1.741968167
1653,Male,5,2.845925776
1654,Female,7,2.039564398
1655,Female,18,1.54206374
1656,Male,29,0.730779602
1657,Male,24,0.499987778
1658,Female,25,1.122889381
1659,Female,1,2.959492728
1660,Male,13,2.30020524
1661,Male,21,1.352720764
1662,Female,11,2.134062038
1663,Female,16,1.29979432
1664,Male,27,0.747833944
1665,Male,26,0.532923204
1666,Female,14,2.07376979
1667,Female,17,1.991379364
1668,Male,15,1.8999596
1669,Male,12,2.614883942
1670,Female,20,1.810270744
1671,Female,16,1.581931481
1672,Male,7,2.271332803
1673,Male,0,3.363670491
1674,Female,28,0.48129848
1675,Female,24,0.199927379
1676,Male,25,1.268008751
1677,Male,26,0.882552454
1678,Female,2,3.120136639
1679,Female,15,1.804154692
1680,Male,27,0.681703644
1681,Male,1,2.898261817
1682,Female,14,1.730318003
1683,Female,0,3.560791672
1684,Male,8,2.528774574
1685,Male,15,1.592387858
1686,Female,3,2.374130972
1687,Female,11,1.81040948
1688,Male,0,2.829826431
1689,Male,0,3.047602089
1690,Female,6,3.62592173
1691,Female,17,0.927321545
1692,Male,22,1.331958949
1693,Male,27,0.779551722
1694,Female,22,0.881358447
1695,Female,14,2.398121086
1696,Male,25,0.758814269
1697,Male,29,1.028865596
1698,Female,24,1.444476695
1699,Female,12,2.214067459
1700,Male,15,2.511918088
1701,Male,6,2.690149803
1702,Female,15,1.605274386
1703,Female,12,2.709889487
1704,Male,13,1.528563501
1705,Male,16,1.778569202
1706,Female,11,2.121964059
1707,Female,28,0.405904831
1708,Male,23,1.123926328
1709,Male,23,0.870330411
1710,Female,19,1.822829208
1711,Female,12,2.231182932
1712,Male,23,0.966967717
1713,Male,19,1.691858946
1714,Female,14,2.069758206
1715,Female,23,1.057876127
1716,Male,20,1.321427207
1717,Male,3,3.516940721
1718,Female,21,1.049157002
1719,Female,1,3.486141329
1720,Male,27,0.586837405
1721,Male,17,2.358815897
1722,Female,1,3.152222286
1723,Female,24,0.587835083
1724,Male,14,2.668893329
1725,Male,29,0.304372034
1726,Female,25,0.280670308
1727,Female,18,0.873091197
1728,Male,14,2.330783483
1729,Male,25,0.318850909
1730,Female,19,1.792289321
1731,Female,9,2.573219137
1732,Male,27,1.084490126
1733,Male,23,1.08669668
1734,Female,19,1.004112663
1735,Female,10,2.824604893
1736,Male,25,1.364373782
1737,Male,9,2.607286401
1738,Female,28,0.568468084
1739,Female,22,0.573796193
1740,Male,4,2.258071035
1741,Male,8,2.840092975
1742,Female,19,1.683117263
1743,Female,18,1.72090715
1744,Male,12,1.537783909
1745,Male,17,2.063463508
1746,Female,16,1.87854751
1747,Female,26,0.863270859
1748,Male,5,2.513286133
1749,Male,9,2.77216327
1750,Female,1,2.888385936
1751,Female,23,1.337161049
1752,Male,5,2.370611615
1753,Male,27,0.854464648
1754,Female,27,0.322641827
1755,Female,20,1.834226997
1756,Male,12,1.990060452
1757,Male,17,2.226983394
1758,Female,6,2.608386898
1759,Female,1,3.406339082
1760,Male,28,0.867034374
1761,Male,13,2.166091325
1762,Female,4,2.422928333
1763,Female,17,1.509557878
1764,Male,10,2.443857264
1765,Male,9,2.003828379
1766,Female,10,2.465306489
1767,Female,26,0.844792002
1768,Male,1,2.731058898
1769,Male,14,1.736011489
1770,Female,6,2.589670731
1771,Female,8,2.742361123
1772,Male,4,2.49591944
1773,Male,6,2.853437194
1774,Female,19,1.591347992
1775,Female,1,3.209673328
1776,Male,2,3.127617865
1777,Male,1,3.453275897
1778,Female,20,0.822773567
1779,Female,21,1.217335228
1780,Male,22,0.762684311
1781,Male,18,2.145848671
1782,Female,3,3.299131002
1783,Female,23,1.170812285
1784,Male,19,1.424595653
1785,Male,6,2.902659367
1786,Female,27,0.691477419
1787,Female,21,1.8865425
1788,Male,6,2.635341351
1789,Male,16,1.500339419
1790,Female,18,1.235553816
1791,Female,21,0.604613406
1792,Male,15,1.388138976
1793,Male,2,3.300552206
1794,Female,14,2.168641593
1795,Female,13,2.79726748
1796,Male,14,1.717458615
1797,Male,13,1.687900492
1798,Female,6,2.952145863
1799,Female,24,0.963375009
1800,Male,2,3.334971828
1801,Male,29,0.443640655
1802,Female,16,1.955791739
1803,Female,9,2.850351339
1804,Male,14,2.370067422
1805,Male,28,0.152590779
1806,Female,5,2.123043127
1807,Female,27,0.922013232
1808,Male,16,1.428993238
1809,Male,16,1.893440916
1810,Female,13,1.939584666
1811,Female,23,1.511276997
1812,Male,24,0.825604174
1813,Male,17,1.764354309
1814,Female,24,1.2955949
1815,Female,4,2.473717178
1816,Male,28,0.019798485
1817,Male,7,2.202958506
1818,Female,6,3.040025436
1819,Female,22,1.069079987
1820,Male,3,3.941760022
1821,Male,17,1.482595973
1822,Female,4,3.042275369
1823,Female,15,2.10396651
1824,Male,13,1.787522329
1825,Male,26,1.100381883
1826,Female,26,0.854558289
1827,Female,18,1.199651388
1828,Male,13,2.591940919
1829,Male,8,2.282212745
1830,Female,5,2.754877493
1831,Female,16,1.921268647
1832,Male,18,1.583556496
1833,Male,11,1.723385686
1834,Female,3,2.876055005
1835,Female,15,1.88899193
1836,Male,24,1.369369967
1837,Male,10,2.550546234
1838,Female,21,1.943573341
1839,Female,3,3.310401269
1840,Male,16,1.418938675
1841,Male,7,2.353054655
1842,Female,13,1.752886206
1843,Female,26,0.513962989
1844,Male,1,3.021954868
1845,Male,10,1.834749448
1846,Female,10,2.275700147
1847,Female,23,1.767646785
1848,Male,21,1.353723074
1849,Male,23,1.034201169
1850,Female,5,2.758341831
1851,Female,20,1.789966874
1852,Male,20,1.223973607
1853,Male,13,2.443619105
1854,Female,29,0.362957003
1855,Female,9,2.251753922
1856,Male,25,0.900041692
1857,Male,26,0.656616923
1858,Female,7,2.186426951
1859,Female,6,2.883136266
1860,Male,7,2.877853698
1861,Male,27,0.01206349
1862,Female,7,2.583738163
1863,Female,22,1.161554531
1864,Male,1,3.301690513
1865,Male,26,1.505172773
1866,Female,15,1.385696221
1867,Female,8,2.240923949
1868,Male,12,2.116723382
1869,Male,22,1.036656834
1870,Female,11,1.617460207
1871,Female,26,0.865945542
1872,Male,21,1.320245987
1873,Male,24,1.259764683
1874,Female,28,0.081573184
1875,Female,16,1.689673085
1876,Male,26,0.46042165
1877,Male,1,3.577043897
1878,Female,12,2.087872127
1879,Female,0,3.369584362
1880,Male,25,0.0
1881,Male,27,0.094651592
1882,Female,18,1.405315628
1883,Female,10,1.87826418
1884,Male,4,2.87190477
1885,Male,0,3.70794804
1886,Female,19,1.174868091
1887,Female,29,0.995449642
1888,Male,12,2.528711257
1889,Male,7,2.59683449
1890,Female,5,2.460606774
1891,Female,28,0.547780724
1892,Male,16,1.803054427
1893,Male,11,2.309975848
1894,Female,0,3.093363943
1895,Female,2,2.615900724
1896,Male,13,2.276918318
1897,Male,25,1.051531526
1898,Female,7,2.747706159
1899,Female,10,2.621670104
1900,Male,26,0.243298094
1901,Male,13,2.194706521
1902,Female,7,2.639906488
1903,Female,28,0.833493418
1904,Male,2,3.402401591
1905,Male,6,2.616291695
1906,Female,27,0.339715385
1907,Female,18,1.69772878
1908,Male,3,2.356856807
1909,Male,24,0.84562484
1910,Female,15,2.246545273
1911,Female,12,2.478699183
1912,Male,19,1.374288283
1913,Male,18,1.355381045
1914,Female,4,3.06049075
1915,Female,22,1.556957122
1916,Male,4,3.219531248
1917,Male,19,1.150153548
1918,Female,23,1.321429302
1919,Female,3,3.491326588
1920,Male,1,3.869586724
1921,Male,25,0.170463613
1922,Female,12,2.19738729
1923,Female,29,0.021155583
1924,Male,15,2.386799507
1925,Male,21,1.361031288
1926,Female,1,3.51068089
1927,Female,18,1.43737075
1928,Male,16,1.804417459
1929,Male,4,3.262269864
1930,Female,24,1.169658238
1931,Female,17,1.401550934
1932,Male,27,0.549601825
1933,Male,22,1.516508268
1934,Female,20,2.032219512
1935,Female,17,2.289299775
1936,Male,7,2.086687741
1937,Male,26,1.66766699
1938,Female,14,2.595889051
1939,Female,12,1.950769177
1940,Male,12,2.102541899
1941,Male,15,1.3791672
1942,Female,21,0.67219968
1943,Female,19,1.141638567
1944,Male,12,1.621012115
1945,Male,19,1.122110973
1946,Female,1,3.402044108
1947,Female,2,2.683854739
1948,Male,14,2.996856279
1949,Male,22,1.284865711
1950,Female,18,1.201053303
1951,Female,12,1.978021718
1952,Male,4,3.83669864
1953,Male,25,1.179903407
1954,Female,21,1.54005946
1955,Female,5,3.158858262
1956,Male,13,1.752496836
1957,Male,3,3.045113482
1958,Female,21,1.165603946
1959,Female,18,1.785760791
1960,Male,22,0.841108717
1961,Male,6,2.397182558
1962,Female,3,3.576909015
1963,Female,1,3.225158275
1964,Male,26,0.0
1965,Male,6,2.806697764
1966,Female,2,3.42183767
1967,Female,14,2.105309279
1968,Male,0,3.160902091
1969,Male,1,2.99354156
1970,Female,9,2.490220426
1971,Female,15,2.13083278
1972,Male,24,0.838464873
1973,Male,27,0.676771033
1974,Female,14,1.735956512
1975,Female,23,1.254572618
1976,Male,14,1.922688235
1977,Male,13,2.19199842
1978,Female,21,1.757523486
1979,Female,13,1.92410232
1980,Male,5,2.80797413
1981,Male,13,2.138772677
1982,Female,16,1.363841047
1983,Female,17,1.722726052
1984,Male,19,1.192108472
1985,Male,18,1.53478239
1986,Female,29,0.115243211
1987,Female,16,1.562359564
1988,Male,15,2.096032625
1989,Male,7,3.009238323
1990,Female,6,2.071108065
1991,Female,19,1.747356452
1992,Male,27,1.079867369
1993,Male,11,2.271400211
1994,Female,8,2.117233031
1995,Female,26,0.743592358
1996,Male,13,1.892745845
1997,Male,19,1.586464189
1998,Female,0,3.512322895
1999,Female,9,2.629211521
2000,Male,16,1.8366428
2001,Male,16,1.83435914
2002,Female,16,1.766055977
2003,Female,3,3.201710217
2004,Male,16,1.263890772
2005,Male,17,1.427724376
2006,Female,19,1.070707952
2007,Female,22,0.832717506
2008,Male,1,3.130222795
2009,Male,7,2.537098951
2010,Female,12,1.671076182
2011,Female,22,0.81655066
2012,Male,24,1.131402736
2013,Male,29,0.333154228
2014,Female,21,1.48906302
2015,Female,19,1.683330032
2016,Male,21,1.921942134
2017,Male,14,1.940006922
2018,Female,19,1.065848673
2019,Female,22,0.968986131
2020,Male,8,2.68614499
2021,Male,2,3.520612392
2022,Female,2,2.815973296
2023,Female,1,3.487510668
2024,Male,0,3.592128978
2025,Male,13,1.578441665
2026,Female,16,1.886008174
2027,Female,12,2.366010872
2028,Male,18,2.434934379
2029,Male,29,0.393186471
2030,Female,22,0.713267665
2031,Female,14,2.57444997
2032,Male,26,0.700539867
2033,Male,24,1.586289237
2034,Female,13,2.058575293
2035,Female,1,3.129640051
2036,Male,6,3.539198712
2037,Male,16,2.059966656
2038,Female,17,1.756035495
2039,Female,5,2.622601052
2040,Male,26,0.262861167
2041,Male,20,1.704415089
2042,Female,7,2.104449931
2043,Female,27,0.83751232
2044,Male,26,0.556828033
2045,Male,1,3.350130974
2046,Female,0,3.279646224
2047,Female,15,1.556328957
2048,Male,6,2.846378753
2049,Male,21,1.137899801
2050,Female,23,1.391787779
2051,Female,10,2.182795221
2052,Male,14,2.253871179
2053,Male,12,2.254020037
2054,Female,29,0.392549011
2055,Female,23,1.484857697
2056,Male,1,2.672093364
2057,Male,13,1.831511281
2058,Female,23,0.758182974
2059,Female,5,2.938175467
2060,Male,8,3.054924125
2061,Male,27,0.9175822
2062,Female,6,3.460884653
2063,Female,17,1.841907749
2064,Male,23,1.185985514
2065,Male,8,2.422230686
2066,Female,22,0.912660673
2067,Female,3,3.073304473
2068,Male,8,2.167282956
2069,Male,3,2.553864498
2070,Female,11,2.448602519
2071,Female,3,3.463239305
2072,Male,24,1.442868859
2073,Male,29,0.913127809
2074,Female,23,0.923753225
2075,Female,19,1.843597083
2076,Male,13,2.096645441
2077,Male,23,0.875367124
2078,Female,23,1.449000321
2079,Female,6,3.081193555
2080,Male,25,1.118752405
2081,Male,12,2.0622007
2082,Female,21,1.562911635
2083,Female,7,2.492838108
2084,Male,22,1.100172041
2085,Male,4,2.693598516
2086,Female,11,1.684842207
2087,Female,12,2.423585367
2088,Male,28,0.405052613
2089,Male,19,0.651340702
2090,Female,13,1.79485975
2091,Female,27,0.963631931
2092,Male,17,1.930782797
2093,Male,26,0.994334751
2094,Female,23,1.354327034
2095,Female,24,0.703573144
2096,Male,19,1.523945155
2097,Male,3,3.358694269
2098,Female,20,1.765695173
2099,Female,17,1.787402596
2100,Male,6,3.154023246
2101,Male,14,2.005144713
2102,Female,20,1.72075965
2103,Female,5,3.127056224
2104,Male,15,1.441918756
2105,Male,19,1.620921239
2106,Female,23,2.19621735
2107,Female,7,3.103075343
2108,Male,27,0.473623396
2109,Male,20,1.043865867
2110,Female,15,2.385530671
2111,Female,27,0.270110314
2112,Male,21,0.438981741
2113,Male,15,1.558059855
2114,Female,2,3.680961344
2115,Female,16,2.11058376
2116,Male,8,3.291540841
2117,Male,24,0.427763354
2118,Female,2,2.846487469
2119,Female,19,1.772355433
2120,Male,28,0.797517669
2121,Male,6,3.520931453
2122,Female,17,1.591365738
2123,Female,11,1.864073652
2124,Male,18,2.411840622
2125,Male,15,2.137692088
2126,Female,21,1.07333339
2127,Female,26,0.312479581
2128,Male,23,0.502226121
2129,Male,16,1.490308897
2130,Female,19,0.876544106
2131,Female,14,2.051919032
2132,Male,0,3.294332437
2133,Male,1,2.607839353
2134,Female,7,2.207001981
2135,Female,21,1.629355896
2136,Male,24,0.493741135
2137,Male,1,3.204313181
2138,Female,18,2.068111785
2139,Female,8,2.281345006
2140,Male,8,2.482172408
2141,Male,12,2.622179002
2142,Female,5,3.350591979
2143,Female,29,0.841175754
2144,Male,14,2.371982915
2145,Male,18,1.922591349
2146,Female,20,1.007517308
2147,Female,14,1.55387334
2148,Male,17,1.247692796
2149,Male,6,2.460743527
2150,Female,25,0.963340431
2151,Female,10,2.083697986
2152,Male,7,2.942198842
2153,Male,5,3.179450768
2154,Female,7,2.627337296
2155,Female,1,3.109493579
2156,Male,18,1.422917512
2157,Male,15,2.058204484
2158,Female,6,2.917010983
2159,Female,9,3.184442107
2160,Male,11,2.605375369
2161,Male,16,2.346025741
2162,Female,6,2.239463986
2163,Female,21,1.751163358
2164,Male,7,2.952721567
2165,Male,6,3.072136606
2166,Female,3,2.809311539
2167,Female,2,2.644059861
2168,Male,18,1.397429095
2169,Male,14,2.440060526
2170,Female,3,2.626819238
2171,Female,24,1.468428885
2172,Male,8,2.380666917
2173,Male,12,2.303453349
2174,Female,17,1.596128103
2175,Female,20,1.685389146
2176,Male,15,1.89700035
2177,Male,0,3.496776545
2178,Female,3,3.361230858
2179,Female,17,0.82170167
2180,Male,7,2.640476136
2181,Male,19,0.897216927
2182,Female,15,1.674676218
2183,Female,20,0.906353743
2184,Male,10,2.419028937
2185,Male,19,2.131447069
2186,Female,20,1.030802659
2187,Female,20,1.50951986
2188,Male,20,1.789239837
2189,Male,26,0.596417017
2190,Female,18,1.414555678
2191,Female,22,1.242176324
2192,Male,18,1.934783812
2193,Male,17,2.315769875
2194,Female,18,1.81861256
2195,Female,10,2.36312146
2196,Male,2,2.791339403
2197,Male,7,2.954534084
2198,Female,19,1.812887043
2199,Female,18,1.141456556
2200,Male,9,2.29536228
2201,Male,15,1.677100802
2202,Female,4,2.752163931
2203,Female,19,1.201444582
2204,Male,8,2.901185607
2205,Male,7,2.676827394
2206,Female,10,2.297639913
2207,Female,15,1.451441021
2208,Male,6,2.981786874
2209,Male,14,1.415221491
2210,Female,23,0.928539344
2211,Female,28,0.984031783
2212,Male,20,1.382935705
2213,Male,19,1.863899822
2214,Female,22,1.228428847
2215,Female,16,2.137393265
2216,Male,5,2.434532444
2217,Male,14,2.256488312
2218,Female,7,2.689155112
2219,Female,6,3.131235885
2220,Male,1,3.770283973
2221,Male,29,0.799591198
2222,Female,12,2.964668231
2223,Female,29,0.702760319
2224,Male,22,1.193617771
2225,Male,28,0.299951906
2226,Female,5,3.299578873
2227,Female,28,0.212367095
2228,Male,4,3.526125038
2229,Male,19,1.611737954
2230,Female,0,3.343050864
2231,Female,28,0.026468661
2232,Male,17,1.63640311
2233,Male,14,1.709701378
2234,Female,22,1.485111828
2235,Female,9,2.999409147
2236,Male,2,3.51541583
2237,Male,4,2.918139128
2238,Female,23,1.362233599
2239,Female,28,0.20506796
2240,Male,12,2.233239466
2241,Male,7,3.159302938
2242,Female,21,1.994611703
2243,Female,20,0.999088544
2244,Male,28,0.521955726
2245,Male,1,3.463687549
2246,Female,8,1.987964727
2247,Female,16,1.681904804
2248,Male,26,0.112635059
2249,Male,17,1.907983914
2250,Female,12,1.197933331
2251,Female,0,3.215272685
2252,Male,11,2.190269259
2253,Male,19,1.150966131
2254,Female,19,0.690151345
2255,Female,20,1.519955292
2256,Male,4,3.16898861
2257,Male,7,1.808164559
2258,Female,26,1.11587873
2259,Female,14,2.00330798
2260,Male,26,0.889714915
2261,Male,2,3.984673603
2262,Female,5,2.325434065
2263,Female,27,0.613316332
2264,Male,12,2.712229743
2265,Male,11,2.096616211
2266,Female,18,1.18306385
2267,Female,28,0.560174606
2268,Male,17,1.167425413
2269,Male,23,0.923181562
2270,Female,0,3.841286249
2271,Female,24,1.212880751
2272,Male,26,0.96214922
2273,Male,6,2.502009134
2274,Female,11,2.456223794
2275,Female,9,2.646556961
2276,Male,28,0.381768495
2277,Male,11,2.396139095
2278,Female,10,2.595648863
2279,Female,3,4.0
2280,Male,18,1.419522635
2281,Male,5,3.432684708
2282,Female,24,0.129306752
2283,Female,8,2.928948238
2284,Male,19,0.947133463
2285,Male,9,2.999544104
2286,Female,4,3.055386295
2287,Female,26,0.0
2288,Male,12,2.745858798
2289,Male,8,3.214628426
2290,Female,1,3.415413324
2291,Female,17,1.469389272
2292,Male,20,1.552112938
2293,Male,0,3.548459826
2294,Female,23,0.192625112
2295,Female,20,1.34899742
2296,Male,11,2.143105069
2297,Male,9,2.471386533
2298,Female,1,3.205425334
2299,Female,27,0.454114438
2300,Male,8,2.809833207
2301,Male,1,2.997505608
2302,Female,22,1.176189034
2303,Female,23,1.668924546
2304,Male,29,1.623004075
2305,Male,21,0.517793128
2306,Female,13,1.946100698
2307,Female,10,2.815003048
2308,Male,22,1.248182567
2309,Male,10,2.759014343
2310,Female,16,1.921294208
2311,Female,3,2.732290676
2312,Male,12,2.228608619
2313,Male,6,2.611688473
2314,Female,15,2.197776727
2315,Female,0,3.335506793
2316,Male,12,1.721597963
2317,Male,0,3.287973198
2318,Female,10,2.561964557
2319,Female,5,2.358571866
2320,Male,19,1.497673654
2321,Male,2,3.517237129
2322,Female,11,2.40408982
2323,Female,4,2.517228982
2324,Male,8,2.435244282
2325,Male,25,1.283227506
2326,Female,25,1.099434304
2327,Female,11,2.191196795
2328,Male,29,1.584478764
2329,Male,29,0.475730833
2330,Female,27,1.207268546
2331,Female,26,0.264924163
2332,Male,9,2.70665962
2333,Male,18,1.530427889
2334,Female,4,3.127452528
2335,Female,25,1.003614146
2336,Male,4,3.369218605
2337,Male,8,2.791386108
2338,Female,26,0.673525946
2339,Female,27,0.337554141
2340,Male,25,0.886889416
2341,Male,26,1.506662773
2342,Female,19,1.705199389
2343,Female,16,1.972791414
2344,Male,9,2.626082829
2345,Male,20,1.671968653
2346,Female,0,3.093760925
2347,Female,21,1.64337376
2348,Male,27,0.339206699
2349,Male,15,1.926359068
2350,Female,25,0.449906208
2351,Female,25,0.709570839
2352,Male,14,1.748279682
2353,Male,22,0.972168258
2354,Female,16,1.934935784
2355,Female,25,0.690347884
2356,Male,19,0.730366159
2357,Male,24,0.682265165
2358,Female,12,3.023482483
2359,Female,0,3.729652301
2360,Male,24,0.841963225
2361,Male,7,2.584174279
2362,Female,4,3.372126043
2363,Female,5,3.060805402
2364,Male,22,1.168052
2365,Male,19,1.349256122
2366,Female,29,1.117964826
2367,Female,13,2.578667734
2368,Male,21,1.625551955
2369,Male,22,0.934016396
2370,Female,10,2.70263834
2371,Female,5,2.964009263
2372,Male,10,2.267458132
2373,Male,12,1.753623068
2374,Female,11,2.023234082
2375,Female,21,1.678012532
2376,Male,1,3.659836405
2377,Male,20,1.362744369
2378,Female,2,2.813805768
2379,Female,22,1.302711984
2380,Male,3,3.383911479
2381,Male,16,1.378751308
2382,Female,27,0.731486867
2383,Female,27,0.400569479
2384,Male,21,1.729073167
2385,Male,5,2.615653765
2386,Female,6,2.986942737
2387,Female,14,2.126988971
2388,Male,10,2.70811104
2389,Male,23,0.815777369
2390,Female,2,2.524423895
2391,Female,29,0.908238604
2392,Male,5,3.055690207
2393,Male,25,0.837946898
2394,Female,1,2.833576111
2395,Female,28,0.785213568
2396,Male,13,1.885614785
2397,Male,8,2.701230508
2398,Female,17,1.521915901
2399,Female,18,1.879725987
2400,Male,11,2.037348017
2401,Male,12,2.520673675
2402,Female,25,0.136165908
2403,Female,11,1.974655245
2404,Male,11,2.194980372
2405,Male,17,1.717995924
2406,Female,8,2.510328721
2407,Female,16,2.434950557
2408,Male,20,1.355053462
2409,Male,15,1.545255105
2410,Female,16,1.619030513
2411,Female,20,2.020741652
2412,Male,23,0.983576997
2413,Male,7,2.062468267
2414,Female,10,2.644194209
2415,Female,23,1.347863829
2416,Male,1,3.055253982
2417,Male,7,2.513692715
2418,Female,11,2.340371914
2419,Female,20,1.582093266
2420,Male,0,3.565524163
2421,Male,22,1.60147255
2422,Female,12,2.637266429
2423,Female,21,0.905209948
2424,Male,20,1.576756471
2425,Male,16,1.785051808
2426,Female,13,1.880065093
2427,Female,13,2.555223105
2428,Male,15,1.574306088
2429,Male,16,1.813846622
2430,Female,5,2.584468263
2431,Female,25,0.529798609
2432,Male,27,0.714651286
2433,Male,6,2.737474166
2434,Female,25,1.270529562
2435,Female,25,0.750888043
2436,Male,0,3.752639353
2437,Male,24,1.162257801
2438,Female,14,1.871465901
2439,Female,19,1.074937389
2440,Male,20,1.312772414
2441,Male,17,1.702881675
2442,Female,29,0.540375157
2443,Female,27,0.341822388
2444,Male,25,0.269720862
2445,Male,12,2.504167767
2446,Female,23,0.530358189
2447,Female,29,0.82010553
2448,Male,1,3.408489771
2449,Male,18,1.350329806
2450,Female,14,2.029736582
2451,Female,11,1.774531103
2452,Male,14,1.991909949
2453,Male,24,0.754035723
2454,Female,17,1.491382129
2455,Female,13,2.157391833
2456,Male,5,3.107348401
2457,Male,11,1.999571861
2458,Female,19,1.363340948
2459,Female,22,1.306868039
2460,Male,29,0.588555623
2461,Male,29,0.681956139
2462,Female,5,2.818581824
2463,Female,25,0.744692833
2464,Male,29,0.725192946
2465,Male,8,2.92682044
2466,Female,29,0.552257573
2467,Female,24,1.298729107
2468,Male,25,1.186737828
2469,Male,3,3.332788588
2470,Female,16,1.489067021
2471,Female,1,3.307378114
2472,Male,15,1.610940683
2473,Male,23,2.057378501
2474,Female,13,1.673711404
2475,Female,25,0.490630062
2476,Male,7,2.231656972
2477,Male,13,2.259451154
2478,Female,1,3.45446246
2479,Female,15,2.15861017
2480,Male,3,2.747908443
2481,Male,0,3.32390296
2482,Female,22,0.909763533
2483,Female,19,1.1678958
2484,Male,26,1.220417976
2485,Male,13,2.334525644
2486,Female,7,2.844732262
2487,Female,24,0.972247738
2488,Male,27,0.856397043
2489,Male,24,0.952675033
2490,Female,2,3.235302581
2491,Female,4,2.533432396
2492,Male,5,2.772388537
2493,Male,21,0.946767905
2494,Female,25,1.315464371
2495,Female,7,3.318208029
2496,Male,5,2.33110892
2497,Male,5,2.905973098
2498,Female,3,3.344575198
2499,Female,6,2.168178925
2500,Male,29,0.211194223
2501,Male,29,0.0
2502,Female,23,0.893986013
2503,Female,18,1.830793245
2504,Male,6,2.465117414
2505,Male,2,2.650522344
2506,Female,7,3.161961511
2507,Female,0,2.905702974
2508,Male,0,3.732684701
2509,Male,13,2.109686328
2510,Female,5,2.546634578
2511,Female,9,2.115603969
2512,Male,24,0.48378939
2513,Male,27,0.0
2514,Female,13,1.811155481
2515,Female,3,2.674162551
2516,Male,5,3.102745561
2517,Male,15,2.432896398
2518,Female,27,0.591872336
2519,Female,20,1.419798985
2520,Male,27,1.364982521
2521,Male,0,3.524855823
2522,Female,5,3.056218177
2523,Female,8,2.570682492
2524,Male,14,2.134832886
2525,Male,11,2.301932108
2526,Female,2,3.354368116
2527,Female,10,2.252575524
2528,Male,14,2.059778342
2529,Male,2,2.705024407
2530,Female,13,1.820843734
2531,Female,1,3.260950491
2532,Male,28,0.741527556
2533,Male,3,2.943750198
2534,Female,25,0.447482856
2535,Female,18,1.844059264
2536,Male,11,1.899197563
2537,Male,1,3.378845727
2538,Female,16,1.666640098
2539,Female,2,3.309453585
2540,Male,9,2.761823751
2541,Male,15,2.042537979
2542,Female,21,1.487476937
2543,Female,8,2.873972282
2544,Male,10,2.015949465
2545,Male,20,1.070296764
2546,Female,14,2.605399264
2547,Female,2,3.363389119
2548,Male,15,2.125090595
2549,Male,29,1.05066898
2550,Female,20,1.580050524
2551,Female,20,1.397062952
2552,Male,20,1.165787162
2553,Male,27,0.962072486
2554,Female,11,2.310235179
2555,Female,22,0.935779341
2556,Male,4,2.93800283
2557,Male,6,2.767151338
2558,Female,8,3.026983311
2559,Female,20,1.536419479
2560,Male,17,2.495379497
2561,Male,20,1.61557166
2562,Female,7,2.210371328
2563,Female,11,1.798015444
2564,Male,19,1.566288518
2565,Male,1,2.921386757
2566,Female,9,2.519724823
2567,Female,18,1.489207319
2568,Male,8,1.663637124
2569,Male,24,0.773784206
2570,Female,23,0.891624046
2571,Female,7,2.215087049
2572,Male,23,0.651515021
2573,Male,23,0.974017417
2574,Female,23,0.341393542
2575,Female,0,2.773483879
2576,Male,5,2.497877304
2577,Male,11,2.076443746
2578,Female,24,0.773427636
2579,Female,23,0.988153077
2580,Male,18,1.37757284
2581,Male,26,0.47659774
2582,Female,16,1.836242137
2583,Female,1,2.924032115
2584,Male,10,2.288768203
2585,Male,17,0.822107889
2586,Female,22,1.467549103
2587,Female,27,0.654489821
2588,Male,21,1.826265078
2589,Male,10,2.167614892
2590,Female,17,1.812581086
2591,Female,7,3.010135528
2592,Male,14,2.136653209
2593,Male,8,2.296814521
2594,Female,14,1.499666675
2595,Female,6,2.527606694
2596,Male,19,1.378777262
2597,Male,12,2.461977068
2598,Female,12,2.142708088
2599,Female,0,3.478519715
2600,Male,19,1.135969891
2601,Male,3,3.315632433
2602,Female,23,0.94529904
2603,Female,3,3.36009771
2604,Male,3,3.583447605
2605,Male,12,2.268905392
2606,Female,1,3.394649867
2607,Female,27,0.423991948
2608,Male,25,0.835989766
2609,Male,22,1.286083735
2610,Female,14,2.131780854
2611,Female,3,3.30866402
2612,Male,26,0.958776298
2613,Male,5,2.539771016
2614,Female,2,3.012897487
2615,Female,6,3.167455277
2616,Male,5,1.904515902
2617,Male,2,3.033291954
2618,Female,3,3.457711726
2619,Female,9,2.450335443
2620,Male,29,1.164702428
2621,Male,20,0.827082916
2622,Female,8,2.398314479
2623,Female,29,0.0
2624,Male,5,2.757797931
2625,Male,28,0.347836976
2626,Female,19,1.676727437
2627,Female,26,0.574278
2628,Male,10,3.10399438
2629,Male,6,2.802073834
2630,Female,17,2.127589297
2631,Female,3,2.688349836
2632,Male,4,2.78376521
2633,Male,3,3.133768039
2634,Female,3,2.618699895
2635,Female,26,0.771677492
2636,Male,12,2.274842047
2637,Male,15,1.539619406
2638,Female,24,1.128068364
2639,Female,13,1.595627367
2640,Male,10,3.138498873
2641,Male,28,0.798886573
2642,Female,1,2.972883441
2643,Female,21,1.556218796
2644,Male,13,1.852671741
2645,Male,23,0.974968345
2646,Female,23,1.391431871
2647,Female,26,0.236497222
2648,Male,6,2.629933234
2649,Male,25,0.529603259
2650,Female,10,2.319119147
2651,Female,3,2.759021765
2652,Male,6,2.096065652
2653,Male,28,0.745518983
2654,Female,15,1.794667106
2655,Female,25,0.701263713
2656,Male,5,2.457901407
2657,Male,26,0.42913728
2658,Female,5,3.016897868
2659,Female,1,3.618272712
2660,Male,23,0.425813761
2661,Male,7,2.735960967
2662,Female,29,0.223430509
2663,Female,26,1.011746757
2664,Male,6,2.573440474
2665,Male,26,0.200145527
2666,Female,24,0.802647806
2667,Female,23,0.539645751
2668,Male,13,2.481595434
2669,Male,8,1.633811562
2670,Female,14,2.401469995
2671,Female,24,1.265891445
2672,Male,21,1.266286344
2673,Male,17,1.62246463
2674,Female,11,1.858296307
2675,Female,22,0.640439809
2676,Male,18,1.39789719
2677,Male,12,1.429180582
2678,Female,6,2.934692102
2679,Female,24,0.632826221
2680,Male,9,2.565347318
2681,Male,29,0.397989397
2682,Female,9,2.064564303
2683,Female,1,3.121119482
2684,Male,13,1.920609663
2685,Male,12,2.329909645
2686,Female,21,1.272010108
2687,Female,28,1.066424623
2688,Male,5,2.905384066
2689,Male,8,2.567031803
2690,Female,12,1.694384385
2691,Female,8,2.801388939
2692,Male,12,1.813628891
2693,Male,4,3.343278194
2694,Female,13,2.184691612
2695,Female,4,3.492211997
2696,Male,8,1.813679554
2697,Male,7,2.772549372
2698,Female,6,2.440006097
2699,Female,7,2.868464156
2700,Male,21,0.516631514
2701,Male,2,2.89147847
2702,Female,22,0.710956982
2703,Female,23,0.424432895
2704,Male,14,2.248337588
2705,Male,7,2.715490936
2706,Female,0,4.0
2707,Female,6,2.676389709
2708,Male,18,1.854700442
2709,Male,1,3.548520551
2710,Female,13,1.952333649
2711,Female,17,1.849643388
2712,Male,29,0.875201088
2713,Male,14,1.79355573
2714,Female,13,1.855666912
2715,Female,23,0.551139653
2716,Male,24,1.580398636
2717,Male,18,1.874157778
2718,Female,29,0.5152394
2719,Female,18,1.331229486
2720,Male,21,1.621772736
2721,Male,26,0.384375396
2722,Female,25,1.36356155
2723,Female,16,1.479668777
2724,Male,21,1.581203876
2725,Male,27,0.0
2726,Female,18,1.886578593
2727,Female,26,0.863545352
2728,Male,15,1.488705295
2729,Male,19,1.472900493
2730,Female,24,1.344085718
2731,Female,18,1.364736911
2732,Male,0,3.830205375
2733,Male,18,1.597365745
2734,Female,6,3.320316974
2735,Female,28,0.648705395
2736,Male,22,1.01826465
2737,Male,10,2.4407699
2738,Female,4,3.152519371
2739,Female,29,0.217042011
2740,Male,16,1.811622381
2741,Male,10,2.777966932
2742,Female,23,1.223828265
2743,Female,25,1.101939932
2744,Male,7,2.06017205
2745,Male,9,2.524422658
2746,Female,11,1.966514042
2747,Female,9,2.841519002
2748,Male,12,2.200020267
2749,Male,25,0.925269361
2750,Female,17,1.842584135
2751,Female,9,2.669640829
2752,Male,18,1.32766643
2753,Male,19,0.754750671
2754,Female,16,1.845656784
2755,Female,19,1.537989779
2756,Male,15,1.580926627
2757,Male,4,2.883799715
2758,Female,2,3.054990811
2759,Female,29,0.328085704
2760,Male,26,0.611569306
2761,Male,14,1.567412438
2762,Female,25,1.219747245
2763,Female,1,3.021398881
2764,Male,12,2.262147696
2765,Male,21,1.455085453
2766,Female,7,2.448840531
2767,Female,22,1.280041579
2768,Male,26,1.043380128
2769,Male,29,1.03518153
2770,Female,16,1.573051021
2771,Female,3,2.898151346
2772,Male,18,1.820920109
2773,Male,21,0.728794517
2774,Female,24,0.902357255
2775,Female,8,2.421061773
2776,Male,22,1.221299421
2777,Male,14,1.996107386
2778,Female,27,0.622706295
2779,Female,8,2.902602513
2780,Male,23,1.348607002
2781,Male,20,1.351141052
2782,Female,8,2.745554083
2783,Female,13,2.993214464
2784,Male,22,1.589269707
2785,Male,20,1.653099762
2786,Female,15,2.136285525
2787,Female,23,0.737048752
2788,Male,22,0.352751959
2789,Male,24,0.690156791
2790,Female,25,0.94304592
2791,Female,16,1.881978741
2792,Male,12,2.474039537
2793,Male,8,2.507742674
2794,Female,14,1.563591912
2795,Female,6,2.455643755
2796,Male,0,2.736604875
2797,Male,0,3.26201999
2798,Female,4,2.283870956
2799,Female,23,1.154410009
2800,Male,8,2.789099828
2801,Male,11,1.538689251
2802,Female,5,3.05607009
2803,Female,27,0.740896702
2804,Male,12,2.49968118
2805,Male,25,0.89524998
2806,Female,27,0.774284814
2807,Female,7,3.014802534
2808,Male,14,1.821442174
2809,Male,5,2.543009095
2810,Female,26,0.64545438
2811,Female,5,2.631367841
2812,Male,3,2.712420466
2813,Male,10,2.672755461
2814,Female,20,1.714811785
2815,Female,29,0.210979179
2816,Male,17,1.859071573
2817,Male,2,2.672866707
2818,Female,2,2.719201157
2819,Female,29,0.736992886
2820,Male,11,2.295213478
2821,Male,26,0.840690941
2822,Female,20,2.131628504
2823,Female,29,0.992296574
2824,Male,20,1.451872243
2825,Male,5,2.860396826
2826,Female,20,1.182565054
2827,Female,27,0.130654238
2828,Male,5,3.362716215
2829,Male,7,2.251847104
2830,Female,14,1.688476384
2831,Female,17,1.815401718
2832,Male,19,1.494869559
2833,Male,28,0.0
2834,Female,15,1.571786434
2835,Female,5,2.234685549
2836,Male,27,0.508656501
2837,Male,20,0.70167991
2838,Female,16,1.817789572
2839,Female,8,2.337558462
2840,Male,18,1.763324116
2841,Male,17,1.580149839
2842,Female,24,1.513660413
2843,Female,22,0.546839868
2844,Male,4,3.112170722
2845,Male,27,0.30759406
2846,Female,5,2.22851143
2847,Female,11,2.506415414
2848,Male,10,1.977538044
2849,Male,15,2.340811013
2850,Female,19,1.26112824
2851,Female,16,1.783001896
2852,Male,19,1.501240092
2853,Male,8,2.239253985
2854,Female,0,3.823801328
2855,Female,25,0.895261805
2856,Male,2,3.532640383
2857,Male,20,1.022641734
2858,Female,22,1.960538709
2859,Female,8,2.745491801
2860,Male,21,1.554112899
2861,Male,18,0.706825346
2862,Female,12,2.823600085
2863,Female,22,1.293408827
2864,Male,13,2.126276926
2865,Male,19,1.112671201
2866,Female,18,1.261587709
2867,Female,29,1.078485135
2868,Male,22,0.675458391
2869,Male,26,0.68547287
2870,Female,26,1.020926365
2871,Female,6,3.427620858
2872,Male,3,3.248572792
2873,Male,11,2.278951505
2874,Female,22,0.833079022
2875,Female,26,0.857092794
2876,Male,13,1.744497663
2877,Male,1,2.806877505
2878,Female,0,3.490543307
2879,Female,27,0.693964852
2880,Male,17,2.161558737
2881,Male,19,1.893344472
2882,Female,7,2.882958071
2883,Female,2,3.270373861
2884,Male,25,1.0270156
2885,Male,5,2.489668902
2886,Female,21,1.708798771
2887,Female,12,2.324093257
2888,Male,8,2.197491146
2889,Male,8,2.5001133
2890,Female,19,1.050005852
2891,Female,8,2.438440919
2892,Male,14,1.914601844
2893,Male,12,1.62783713
2894,Female,21,1.069524152
2895,Female,15,2.369652313
2896,Male,1,2.974740695
2897,Male,25,0.357808892
2898,Female,13,1.92255149
2899,Female,26,0.330966908
2900,Male,5,3.219685483
2901,Male,1,3.951459951
2902,Female,7,2.795210553
2903,Female,3,3.561743268
2904,Male,20,1.361088227
2905,Male,23,0.738958982
2906,Female,13,2.320772544
2907,Female,10,2.837891418
2908,Male,23,0.827339491
2909,Male,27,0.875883705
2910,Female,13,1.467968316
2911,Female,11,2.122102757
2912,Male,15,2.481813409
2913,Male,5,2.876083673
2914,Female,19,1.662692199
2915,Female,0,2.964058726
2916,Male,11,2.032178463
2917,Male,6,3.207819245
2918,Female,7,2.553484846
2919,Female,8,3.128858646
2920,Male,1,4.0
2921,Male,16,1.357062701
2922,Female,19,0.684887998
2923,Female,12,2.234696287
2924,Male,4,1.953200561
2925,Male,9,2.470924003
2926,Female,11,2.512488759
2927,Female,16,2.097251578
2928,Male,20,1.345131463
2929,Male,5,2.241727972
2930,Female,2,2.637348955
2931,Female,27,0.286110039
2932,Male,14,2.084547707
2933,Male,6,2.777885894
2934,Female,29,0.484183196
2935,Female,5,2.875735286
2936,Male,3,3.471337214
2937,Male,18,1.318074459
2938,Female,4,2.715908932
2939,Female,2,3.474561845
2940,Male,25,0.934942991
2941,Male,24,0.51852243
2942,Female,8,2.726094629
2943,Female,5,3.09906465
2944,Male,12,2.073545292
2945,Male,26,1.983133992
2946,Female,21,0.766273679
2947,Female,27,0.636132934
2948,Male,29,1.148033413
2949,Male,19,1.75040468
2950,Female,3,2.821108107
2951,Female,1,3.240512074
2952,Male,25,0.705861631
2953,Male,3,2.912722178
2954,Female,7,2.894723042
2955,Female,12,1.777279849
2956,Male,9,2.457187515
2957,Male,17,1.939076537
2958,Female,8,2.291686152
2959,Female,29,0.584740729
2960,Male,0,2.90546616
2961,Male,12,1.738942134
2962,Female,17,1.669807052
2963,Female,14,1.648288922
2964,Male,1,2.71039131
2965,Male,10,1.956169126
2966,Female,28,0.672936198
2967,Female,13,2.607172929
2968,Male,21,1.5660205
2969,Male,14,2.197394592
2970,Female,13,2.332971817
2971,Female,15,1.773293697
2972,Male,22,1.149649627
2973,Male,28,0.840985451
2974,Female,14,1.563574034
2975,Female,18,0.870713478
2976,Male,26,0.613165988
2977,Male,8,2.572391709
2978,Female,4,2.307596623
2979,Female,4,2.318046521
2980,Male,10,2.310557286
2981,Male,27,1.585820037
2982,Female,19,1.63061374
2983,Female,24,1.5586322
2984,Male,23,0.683505301
2985,Male,27,0.970912379
2986,Female,3,3.344626675
2987,Female,19,1.885916652
2988,Male,17,1.469964557
2989,Male,24,1.436375445
2990,Female,2,3.399542858
2991,Female,3,3.563535791
2992,Male,13,2.07443875
2993,Male,6,2.504005287
2994,Female,25,0.966948807
2995,Female,7,2.691044205
2996,Male,23,0.864785084
2997,Male,15,1.993952453
2998,Female,19,1.20017972
2999,Female,14,2.195712898
3000,Male,6,1.901266524
3001,Male,25,0.839976524
3002,Female,16,1.362043769
3003,Female,21,0.850743865
3004,Male,21,1.003365306
3005,Male,21,1.390539698
3006,Female,11,2.439981326
3007,Female,17,1.243311716
3008,Male,23,1.964846656
3009,Male,13,2.688229331
3010,Female,14,2.739701667
3011,Female,14,2.496121936
3012,Male,4,2.968807133
3013,Male,15,2.215944169
3014,Female,4,3.503743265
3015,Female,1,3.384729472
3016,Male,19,1.41760401
3017,Male,27,1.139337063
3018,Female,24,0.769589864
3019,Female,8,2.348443454
3020,Male,21,0.32183143
3021,Male,26,1.124137186
3022,Female,8,2.717096954
3023,Female,3,2.65654078
3024,Male,14,1.527748066
3025,Male,10,2.735672949
3026,Female,0,3.748102281
3027,Female,17,1.706212489
3028,Male,28,0.959041523
3029,Male,0,4.0
3030,Female,7,1.858924856
3031,Female,24,1.000775557
3032,Male,15,2.413651873
3033,Male,25,1.172191633
3034,Female,27,0.2759351
3035,Female,21,1.90764038
3036,Male,17,2.018579782
3037,Male,21,0.91571218
3038,Female,8,3.12911664
3039,Female,11,1.945989188
3040,Male,18,1.510058697
3041,Male,24,0.153031812
3042,Female,17,1.711984677
3043,Female,26,1.419977099
3044,Male,4,2.438731253
3045,Male,26,0.316755974
3046,Female,1,3.543315915
3047,Female,6,3.125269662
3048,Male,26,0.655011588
3049,Male,9,3.511613863
3050,Female,14,2.862562819
3051,Female,24,1.116228461
3052,Male,6,3.201181955
3053,Male,27,0.100592148
3054,Female,4,3.017133682
3055,Female,14,2.220548509
3056,Male,19,1.111068462
3057,Male,27,0.991892391
3058,Female,19,1.175347658
3059,Female,14,2.292539642
3060,Male,9,2.294221357
3061,Male,23,0.369920627
3062,Female,25,0.665741207
3063,Female,28,0.728918814
3064,Male,25,1.010198034
3065,Male,13,1.829810546
3066,Female,25,0.94094722
3067,Female,25,1.152866691
3068,Male,9,3.030196983
3069,Male,16,1.757091954
3070,Female,20,1.966123443
3071,Female,13,1.301643736
3072,Male,1,3.772896608
3073,Male,15,1.922165909
3074,Female,12,1.789036776
3075,Female,26,0.632988118
3076,Male,8,2.850435292
3077,Male,6,2.684821287
3078,Female,15,1.89934025
3079,Female,9,2.454306702
3080,Male,23,1.208332283
3081,Male,21,1.526916046
3082,Female,8,2.686716754
3083,Female,21,1.130785359
3084,Male,22,0.741103055
3085,Male,6,2.893400295
3086,Female,15,1.376380688
3087,Female,8,1.935602561
3088,Male,26,1.058311352
3089,Male,23,1.230428756
3090,Female,28,0.14706887
3091,Female,16,1.169690514
3092,Male,19,1.016215042
3093,Male,6,2.521027735
3094,Female,10,2.027841922
3095,Female,7,2.670947554
3096,Male,6,2.872879366
3097,Male,27,1.029648645
3098,Female,18,1.757497313
3099,Female,19,1.895283343
3100,Male,11,2.035367286
3101,Male,6,2.053147894
3102,Female,7,2.329719254
3103,Female,6,1.756211553
3104,Male,5,2.827342954
3105,Male,24,0.693712512
3106,Female,8,2.953961922
3107,Female,26,0.989468441
3108,Male,12,2.137068106
3109,Male,6,3.032105333
3110,Female,7,2.804363175
3111,Female,21,0.612802502
3112,Male,16,2.20223294
3113,Male,16,1.410262038
3114,Female,15,1.441409543
3115,Female,21,1.233587021
3116,Male,1,2.790575147
3117,Male,29,0.378543635
3118,Female,7,2.172812322
3119,Female,16,2.391687683
3120,Male,12,1.783107467
3121,Male,17,1.785926986
3122,Female,23,1.268772123
3123,Female,27,1.486865652
3124,Male,21,1.061935997
3125,Male,27,0.0
3126,Female,9,2.15161798
3127,Female,1,3.597489094
3128,Male,1,3.812757188
3129,Male,26,1.176781506
3130,Female,13,1.948327516
3131,Female,15,1.808097198
3132,Male,6,3.22214009
3133,Male,20,0.809260143
3134,Female,20,1.29459288
3135,Female,23,1.077747684
3136,Male,11,2.920181898
3137,Male,27,0.796142916
3138,Female,22,1.446052352
3139,Female,27,0.940184257
3140,Male,13,1.782060667
3141,Male,24,1.10589987
3142,Female,3,2.813470345
3143,Female,25,1.651786672
3144,Male,3,3.603507572
3145,Male,17,1.526960289
3146,Female,2,3.459044734
3147,Female,0,3.333970002
3148,Male,16,1.718181723
3149,Male,6,3.183232489
3150,Female,29,0.996647663
3151,Female,15,2.525086322
3152,Male,29,0.512852046
3153,Male,4,2.864498067
3154,Female,18,1.733364047
3155,Female,6,2.986891621
3156,Male,13,2.565368053
3157,Male,1,3.139189305
3158,Female,2,3.636416568
3159,Female,16,1.467442367
3160,Male,15,1.799531149
3161,Male,7,3.183126117
3162,Female,17,1.441964197
3163,Female,14,1.881588987
3164,Male,6,3.132629297
3165,Male,26,0.814285349
3166,Female,8,2.477790374
3167,Female,5,2.971332016
3168,Male,17,2.071972431
3169,Male,17,1.635686733
3170,Female,24,0.906276516
3171,Female,25,0.809067853
3172,Male,23,1.683832026
3173,Male,13,3.138784394
3174,Female,13,1.79895034
3175,Female,13,1.687307435
3176,Male,24,0.903085577
3177,Male,3,3.137624351
3178,Female,3,3.18921717
3179,Female,14,1.795369078
3180,Male,14,2.4359582
3181,Male,17,1.688489609
3182,Female,13,1.844056379
3183,Female,25,1.305584514
3184,Male,0,3.545153036
3185,Male,9,2.172345542
3186,Female,28,0.375147851
3187,Female,19,1.557870493
3188,Male,9,2.18571084
3189,Male,9,2.459804672
3190,Female,26,0.427568507
3191,Female,23,0.871999115
3192,Male,1,3.222937499
3193,Male,28,0.818126103
3194,Female,27,0.618936614
3195,Female,26,1.174609514
3196,Male,7,2.800569084
3197,Male,0,2.995458296
3198,Female,0,3.353659743
3199,Female,3,2.732661197
3200,Male,6,2.555667543
3201,Male,8,2.378050042
3202,Female,15,2.060792459
3203,Female,4,3.115250556
3204,Male,1,3.453790619
3205,Male,27,0.0
3206,Female,22,1.028183689
3207,Female,10,1.989455196
3208,Male,17,1.672034058
3209,Male,24,0.87626666
3210,Female,24,0.859745288
3211,Female,18,1.970600159
3212,Male,12,2.268850734
3213,Male,23,1.119441018
3214,Female,10,2.370893097
3215,Female,19,1.499701932
3216,Male,18,1.87909846
3217,Male,16,1.699348106
3218,Female,4,3.36759116
3219,Female,12,1.287818998
3220,Male,29,0.0
3221,Male,26,0.57640272
3222,Female,19,1.992298847
3223,Female,0,3.043931624
3224,Male,9,1.756186168
3225,Male,7,3.253785962
3226,Female,23,1.093387571
3227,Female,28,0.763471998
3228,Male,7,2.297355586
3229,Male,18,1.651156129
3230,Female,5,2.827614868
3231,Female,11,2.055772256
3232,Male,27,0.769740612
3233,Male,6,2.635693451
3234,Female,15,1.933779809
3235,Female,8,2.71575327
3236,Male,20,1.325172784
3237,Male,24,1.24509114
3238,Female,21,1.333974103
3239,Female,9,2.622327676
3240,Male,9,2.407284043
3241,Male,9,2.26616031
3242,Female,19,1.760999679
3243,Female,28,0.813017422
3244,Male,15,2.192414534
3245,Male,0,3.211743755
3246,Female,16,1.278235666
3247,Female,29,0.923831698
3248,Male,25,1.325039017
3249,Male,20,1.609410277
3250,Female,28,1.262848732
3251,Female,13,2.243593091
3252,Male,18,1.557687965
3253,Male,20,1.162574074
3254,Female,20,1.680661182
3255,Female,16,1.599424076
3256,Male,13,1.273818176
3257,Male,7,2.210289203
3258,Female,20,1.008571903
3259,Female,20,0.968725635
3260,Male,8,2.681277359
3261,Male,7,2.401373853
3262,Female,12,2.376854346
3263,Female,16,1.947676936
3264,Male,18,1.779756126
3265,Male,27,0.557548887
3266,Female,6,2.795405809
3267,Female,16,1.51476376
3268,Male,0,3.040729613
3269,Male,4,3.208461746
3270,Female,24,0.621119928
3271,Female,5,2.799669734
3272,Male,25,1.302392884
3273,Male,1,3.482452519
3274,Female,26,1.252348589
3275,Female,24,1.169745803
3276,Male,15,2.284791447
3277,Male,21,1.021019253
3278,Female,4,2.897355004
3279,Female,4,3.275903453
3280,Male,11,2.430091199
3281,Male,2,3.228448079
3282,Female,29,0.214570091
3283,Female,15,2.024030376
3284,Male,5,3.034167439
3285,Male,14,1.699825309
3286,Female,14,2.095648191
3287,Female,28,0.524213567
3288,Male,15,1.302641404
3289,Male,19,2.137124411
3290,Female,12,2.422276094
3291,Female,11,2.569614181
3292,Male,9,2.702958618
3293,Male,13,2.3116705
3294,Female,1,3.384992089
3295,Female,28,0.390755887
3296,Male,2,3.597766084
3297,Male,8,2.275665113
3298,Female,10,2.710576701
3299,Female,10,2.555975376
3300,Male,24,1.027727966
3301,Male,21,2.095691365
3302,Female,9,2.380839869
3303,Female,25,0.662078737
3304,Male,13,1.996513116
3305,Male,8,2.139864151
3306,Female,19,1.361434707
3307,Female,26,0.495859041
3308,Male,20,1.287667357
3309,Male,9,2.665075552
3310,Female,21,0.954787542
3311,Female,28,0.0
3312,Male,8,2.316959974
3313,Male,28,0.674362944
3314,Female,4,2.536633782
3315,Female,7,2.343331353
3316,Male,10,2.240450838
3317,Male,0,3.052640958
3318,Female,20,0.953840685
3319,Female,9,2.596111265
3320,Male,0,4.0
3321,Male,25,1.08238995
3322,Female,29,0.528225551
3323,Female,21,1.462746292
3324,Male,6,2.006721725
3325,Male,27,0.473300871
3326,Female,13,2.378048945
3327,Female,4,3.546432809
3328,Male,16,2.288466675
3329,Male,21,1.339935509
3330,Female,25,0.813147627
3331,Female,20,1.556106071
3332,Male,5,3.262922355
3333,Male,15,2.179357069
3334,Female,10,2.220050547
3335,Female,9,2.226513595
3336,Male,14,1.565647848
3337,Male,6,2.078777899
3338,Female,22,1.562411262
3339,Female,1,3.57294532
3340,Male,11,2.073033167
3341,Male,18,1.288937696
3342,Female,11,2.547449606
3343,Female,15,2.037768575
3344,Male,5,2.915898133
3345,Male,2,2.799063885
3346,Female,1,3.250110011
3347,Female,19,1.823323103
3348,Male,4,2.992912336
3349,Male,10,2.631736304
3350,Female,25,0.932669739
3351,Female,24,0.872209536
3352,Male,2,2.45150244
3353,Male,2,3.495949742
3354,Female,21,1.088882482
3355,Female,4,3.979420918
3356,Male,21,1.52101349
3357,Male,22,0.766257447
3358,Female,10,2.471395779
3359,Female,2,3.286585134
3360,Male,12,2.121473442
3361,Male,20,1.347633493
3362,Female,7,2.462943118
3363,Female,19,1.041028901
3364,Male,9,2.669979035
3365,Male,1,2.735041611
3366,Female,3,2.742091794
3367,Female,17,0.984294295
3368,Male,18,1.454722898
3369,Male,3,3.158592324
3370,Female,19,1.06741085
3371,Female,25,0.569419885
3372,Male,8,1.934761727
3373,Male,15,1.849103876
3374,Female,25,0.825019641
3375,Female,5,2.913898459
3376,Male,24,1.164539166
3377,Male,3,2.928219391
3378,Female,8,2.652354813
3379,Female,26,0.709353374
3380,Male,12,2.50949123
3381,Male,8,1.979379414
3382,Female,5,2.956254524
3383,Female,20,1.191929046
3384,Male,18,1.810037823
3385,Male,13,2.539112849
3386,Female,20,1.395630675
3387,Female,14,2.000084011
3388,Male,2,3.455509411
3389,Male,4,3.279149727
3390,Female,20,1.14233288
3391,Female,17,1.803296763
3392,Male,13,2.140013878
